label1	timestamp	label2	robot_id	label3	milestone
@@TS	1133	Robot	1	ExecCount	2
@@TS	2695	Robot	1	ExecCount	4
@@TS	2784	Robot	0	ExecCount	2
@@TS	3593	Robot	2	ExecCount	1
@@TS	5154	Robot	2	ExecCount	3
@@TS	6053	Robot	1	ExecCount	6
@@TS	6348	Robot	0	ExecCount	4
@@TS	7342	Robot	2	ExecCount	5
@@TS	8683	Robot	1	ExecCount	8
@@TS	8864	Robot	2	ExecCount	7
@@TS	10487	Robot	1	ExecCount	10
@@TS	10734	Robot	2	ExecCount	9
@@TS	11275	Robot	1	ExecCount	12
@@TS	12685	Robot	1	ExecCount	14
@@TS	14282	Robot	0	ExecCount	6
@@TS	15772	Robot	2	ExecCount	11
@@TS	16619	Robot	1	ExecCount	16
@@TS	18540	Robot	0	ExecCount	8
@@TS	19846	Robot	2	ExecCount	13
@@TS	20115	Robot	1	ExecCount	18
@@TS	21050	Robot	0	ExecCount	10
@@TS	22049	Robot	1	ExecCount	20
@@TS	22198	Robot	2	ExecCount	15
@@TS	22504	Robot	0	ExecCount	12
@@TS	23315	Robot	1	ExecCount	22
@@TS	23703	Robot	2	ExecCount	17
@@TS	24412	Robot	0	ExecCount	14
@@TS	25189	Robot	1	ExecCount	24
@@TS	26317	Robot	2	ExecCount	19
@@TS	30711	Robot	1	ExecCount	29
@@TS	31132	Robot	0	ExecCount	16
@@TS	31189	Robot	1	ExecCount	31
@@TS	31509	Robot	2	ExecCount	21
@@TS	31997	Robot	1	ExecCount	33
@@TS	33687	Robot	1	ExecCount	35
@@TS	34431	Robot	2	ExecCount	23
@@TS	35995	Robot	2	ExecCount	25
@@TS	37067	Robot	2	ExecCount	28
@@TS	37234	Robot	0	ExecCount	18
@@TS	37351	Robot	1	ExecCount	37
@@TS	37807	Robot	2	ExecCount	30
@@TS	40773	Robot	1	ExecCount	39
@@TS	40985	Robot	0	ExecCount	20
@@TS	42944	Robot	0	ExecCount	22
@@TS	43351	Robot	2	ExecCount	32
@@TS	44013	Robot	1	ExecCount	41
@@TS	45543	Robot	1	ExecCount	43
@@TS	45862	Robot	0	ExecCount	24
@@TS	46965	Robot	2	ExecCount	34
@@TS	47249	Robot	1	ExecCount	45
@@TS	49655	Robot	2	ExecCount	36
@@TS	50457	Robot	1	ExecCount	47
@@TS	51549	Robot	2	ExecCount	38
@@TS	54125	Robot	2	ExecCount	40
@@TS	54385	Robot	1	ExecCount	49
@@TS	55213	Robot	0	ExecCount	29
@@TS	55977	Robot	0	ExecCount	31
@@TS	57229	Robot	0	ExecCount	33
@@TS	57523	Robot	1	ExecCount	51
@@TS	58731	Robot	1	ExecCount	54
@@TS	59099	Robot	0	ExecCount	35
@@TS	59241	Robot	2	ExecCount	42
@@TS	59639	Robot	1	ExecCount	56
@@TS	62143	Robot	2	ExecCount	44
@@TS	62947	Robot	1	ExecCount	58
@@TS	63689	Robot	2	ExecCount	46
@@TS	64575	Robot	0	ExecCount	37
@@TS	64949	Robot	2	ExecCount	48
@@TS	65575	Robot	1	ExecCount	60
@@TS	66501	Robot	2	ExecCount	50
@@TS	67381	Robot	1	ExecCount	62
@@TS	68171	Robot	1	ExecCount	64
@@TS	69163	Robot	0	ExecCount	39
@@TS	69351	Robot	2	ExecCount	55
@@TS	69581	Robot	1	ExecCount	66
@@TS	69723	Robot	2	ExecCount	57
@@TS	71213	Robot	2	ExecCount	59
@@TS	73081	Robot	2	ExecCount	61
@@TS	73517	Robot	1	ExecCount	68
@@TS	74161	Robot	0	ExecCount	41
@@TS	76583	Robot	0	ExecCount	43
@@TS	77013	Robot	1	ExecCount	70
@@TS	78121	Robot	2	ExecCount	63
@@TS	78949	Robot	1	ExecCount	72
@@TS	79215	Robot	0	ExecCount	45
@@TS	80209	Robot	1	ExecCount	74
@@TS	82085	Robot	1	ExecCount	76
@@TS	82193	Robot	2	ExecCount	65
@@TS	84544	Robot	2	ExecCount	67
@@TS	85913	Robot	0	ExecCount	47
@@TS	86047	Robot	2	ExecCount	69
@@TS	87611	Robot	1	ExecCount	81
@@TS	88091	Robot	1	ExecCount	83
@@TS	88661	Robot	2	ExecCount	71
@@TS	88899	Robot	1	ExecCount	85
@@TS	90587	Robot	1	ExecCount	87
@@TS	92165	Robot	0	ExecCount	49
@@TS	93857	Robot	2	ExecCount	73
@@TS	94255	Robot	1	ExecCount	89
@@TS	95917	Robot	0	ExecCount	51
@@TS	96779	Robot	2	ExecCount	75
@@TS	97671	Robot	1	ExecCount	91
@@TS	97853	Robot	0	ExecCount	52
@@TS	98341	Robot	2	ExecCount	77
@@TS	99189	Robot	0	ExecCount	53
@@TS	99417	Robot	2	ExecCount	80
@@TS	100153	Robot	2	ExecCount	82
@@TS	100917	Robot	1	ExecCount	93
@@TS	102443	Robot	1	ExecCount	95
@@TS	103407	Robot	0	ExecCount	55
@@TS	104151	Robot	1	ExecCount	97
@@TS	105699	Robot	2	ExecCount	84
@@TS	106265	Robot	0	ExecCount	57
@@TS	107359	Robot	1	ExecCount	99
@@TS	108977	Robot	0	ExecCount	59
@@TS	109312	Robot	2	ExecCount	86
@@TS	111281	Robot	1	ExecCount	101
@@TS	111473	Robot	0	ExecCount	61
@@TS	112004	Robot	2	ExecCount	88
@@TS	113896	Robot	2	ExecCount	90
@@TS	114423	Robot	1	ExecCount	103
@@TS	114749	Robot	0	ExecCount	63
@@TS	115631	Robot	1	ExecCount	106
@@TS	116468	Robot	2	ExecCount	92
@@TS	116541	Robot	1	ExecCount	108
@@TS	118769	Robot	0	ExecCount	65
@@TS	119851	Robot	1	ExecCount	110
@@TS	121590	Robot	2	ExecCount	94
@@TS	122121	Robot	0	ExecCount	67
@@TS	122475	Robot	1	ExecCount	112
@@TS	124285	Robot	1	ExecCount	114
@@TS	124490	Robot	2	ExecCount	96
@@TS	125073	Robot	1	ExecCount	116
@@TS	126038	Robot	2	ExecCount	98
@@TS	126486	Robot	1	ExecCount	118
@@TS	127294	Robot	2	ExecCount	100
@@TS	127467	Robot	0	ExecCount	69
@@TS	128848	Robot	2	ExecCount	102
@@TS	130413	Robot	1	ExecCount	120
@@TS	131021	Robot	0	ExecCount	71
@@TS	131698	Robot	2	ExecCount	107
@@TS	132070	Robot	2	ExecCount	109
@@TS	133562	Robot	2	ExecCount	111
@@TS	133911	Robot	1	ExecCount	122
@@TS	134638	Robot	0	ExecCount	73
@@TS	135428	Robot	2	ExecCount	113
@@TS	135845	Robot	1	ExecCount	124
@@TS	137112	Robot	1	ExecCount	126
@@TS	137902	Robot	0	ExecCount	75
@@TS	138983	Robot	1	ExecCount	128
@@TS	140466	Robot	2	ExecCount	115
@@TS	141082	Robot	0	ExecCount	77
@@TS	143418	Robot	0	ExecCount	80
@@TS	144314	Robot	0	ExecCount	82
@@TS	144510	Robot	1	ExecCount	133
@@TS	144542	Robot	2	ExecCount	117
@@TS	144992	Robot	1	ExecCount	135
@@TS	145795	Robot	1	ExecCount	137
@@TS	146580	Robot	0	ExecCount	84
@@TS	146892	Robot	2	ExecCount	119
@@TS	147482	Robot	1	ExecCount	139
@@TS	148396	Robot	2	ExecCount	121
@@TS	149182	Robot	0	ExecCount	86
@@TS	151008	Robot	2	ExecCount	123
@@TS	151150	Robot	1	ExecCount	141
@@TS	151566	Robot	0	ExecCount	88
@@TS	154530	Robot	0	ExecCount	90
@@TS	154568	Robot	1	ExecCount	143
@@TS	156202	Robot	2	ExecCount	125
@@TS	157812	Robot	1	ExecCount	145
@@TS	159122	Robot	2	ExecCount	127
@@TS	159342	Robot	1	ExecCount	147
@@TS	159874	Robot	0	ExecCount	92
@@TS	160686	Robot	2	ExecCount	129
@@TS	161050	Robot	1	ExecCount	149
@@TS	161762	Robot	2	ExecCount	132
@@TS	162498	Robot	2	ExecCount	134
@@TS	164258	Robot	1	ExecCount	151
@@TS	164480	Robot	0	ExecCount	94
@@TS	168042	Robot	2	ExecCount	136
@@TS	168182	Robot	1	ExecCount	153
@@TS	168340	Robot	0	ExecCount	96
@@TS	171318	Robot	1	ExecCount	155
@@TS	171658	Robot	2	ExecCount	138
@@TS	171832	Robot	0	ExecCount	98
@@TS	172528	Robot	1	ExecCount	158
@@TS	173438	Robot	1	ExecCount	160
@@TS	174152	Robot	0	ExecCount	100
@@TS	174348	Robot	2	ExecCount	140
@@TS	176242	Robot	2	ExecCount	142
@@TS	176622	Robot	0	ExecCount	102
@@TS	176746	Robot	1	ExecCount	162
@@TS	178814	Robot	2	ExecCount	144
@@TS	179176	Robot	0	ExecCount	107
@@TS	179376	Robot	1	ExecCount	164
@@TS	179402	Robot	0	ExecCount	109
@@TS	181182	Robot	1	ExecCount	166
@@TS	181808	Robot	0	ExecCount	111
@@TS	181970	Robot	1	ExecCount	168
@@TS	183382	Robot	1	ExecCount	170
@@TS	183934	Robot	2	ExecCount	146
@@TS	184620	Robot	0	ExecCount	113
@@TS	186839	Robot	2	ExecCount	148
@@TS	187312	Robot	1	ExecCount	172
@@TS	188381	Robot	2	ExecCount	150
@@TS	189643	Robot	2	ExecCount	152
@@TS	190812	Robot	1	ExecCount	174
@@TS	191193	Robot	2	ExecCount	154
@@TS	192018	Robot	0	ExecCount	115
@@TS	192744	Robot	1	ExecCount	176
@@TS	194010	Robot	1	ExecCount	178
@@TS	194045	Robot	2	ExecCount	159
@@TS	194411	Robot	2	ExecCount	161
@@TS	195882	Robot	1	ExecCount	180
@@TS	195903	Robot	2	ExecCount	163
@@TS	197773	Robot	2	ExecCount	165
@@TS	198532	Robot	0	ExecCount	117
@@TS	201408	Robot	1	ExecCount	185
@@TS	201886	Robot	1	ExecCount	187
@@TS	202694	Robot	1	ExecCount	189
@@TS	202811	Robot	2	ExecCount	167
@@TS	202840	Robot	0	ExecCount	119
@@TS	204380	Robot	1	ExecCount	191
@@TS	205182	Robot	0	ExecCount	121
@@TS	206883	Robot	2	ExecCount	169
@@TS	208048	Robot	1	ExecCount	193
@@TS	208562	Robot	0	ExecCount	123
@@TS	209237	Robot	2	ExecCount	171
@@TS	210741	Robot	2	ExecCount	173
@@TS	211466	Robot	1	ExecCount	195
@@TS	10340	Robot	0	ExecCount	2
@@TS	12036	Robot	0	ExecCount	4
@@TS	14181	Robot	1	ExecCount	2
@@TS	15396	Robot	0	ExecCount	6
@@TS	15840	Robot	1	ExecCount	4
@@TS	18018	Robot	0	ExecCount	8
@@TS	19207	Robot	1	ExecCount	6
@@TS	19826	Robot	0	ExecCount	10
@@TS	1736	Robot	1	ExecCount	2
@@TS	3107	Robot	0	ExecCount	2
@@TS	3302	Robot	1	ExecCount	4
@@TS	4917	Robot	0	ExecCount	4
@@TS	6670	Robot	1	ExecCount	6
@@TS	8275	Robot	0	ExecCount	6
@@TS	9302	Robot	1	ExecCount	8
@@TS	10899	Robot	0	ExecCount	8
@@TS	11106	Robot	1	ExecCount	10
@@TS	11894	Robot	1	ExecCount	12
@@TS	12705	Robot	0	ExecCount	10
@@TS	13296	Robot	1	ExecCount	14
@@TS	13497	Robot	0	ExecCount	12
@@TS	14911	Robot	0	ExecCount	14
@@TS	17246	Robot	1	ExecCount	16
@@TS	18847	Robot	0	ExecCount	16
@@TS	20736	Robot	1	ExecCount	18
@@TS	22387	Robot	0	ExecCount	18
@@TS	22680	Robot	1	ExecCount	20
@@TS	23948	Robot	1	ExecCount	22
@@TS	24315	Robot	0	ExecCount	20
@@TS	25575	Robot	0	ExecCount	22
@@TS	25828	Robot	1	ExecCount	24
@@TS	27445	Robot	0	ExecCount	24
@@TS	31328	Robot	1	ExecCount	29
@@TS	31802	Robot	1	ExecCount	31
@@TS	32606	Robot	1	ExecCount	33
@@TS	32988	Robot	0	ExecCount	29
@@TS	33465	Robot	0	ExecCount	31
@@TS	34275	Robot	0	ExecCount	33
@@TS	34300	Robot	1	ExecCount	35
@@TS	35959	Robot	0	ExecCount	35
@@TS	37968	Robot	1	ExecCount	37
@@TS	39637	Robot	0	ExecCount	37
@@TS	41398	Robot	1	ExecCount	39
@@TS	43061	Robot	0	ExecCount	39
@@TS	44638	Robot	1	ExecCount	41
@@TS	5312	Robot	0	ExecCount	2
@@TS	5424	Robot	1	ExecCount	2
@@TS	7090	Robot	0	ExecCount	4
@@TS	7210	Robot	1	ExecCount	4
@@TS	10448	Robot	0	ExecCount	6
@@TS	10578	Robot	1	ExecCount	6
@@TS	13070	Robot	0	ExecCount	8
@@TS	13212	Robot	1	ExecCount	8
@@TS	14878	Robot	0	ExecCount	10
@@TS	15012	Robot	1	ExecCount	10
@@TS	15670	Robot	0	ExecCount	12
@@TS	15804	Robot	1	ExecCount	12
@@TS	17082	Robot	0	ExecCount	14
@@TS	17204	Robot	1	ExecCount	14
@@TS	21018	Robot	0	ExecCount	16
@@TS	21156	Robot	1	ExecCount	16
@@TS	24560	Robot	0	ExecCount	18
@@TS	24646	Robot	1	ExecCount	18
@@TS	26486	Robot	0	ExecCount	20
@@TS	26588	Robot	1	ExecCount	20
@@TS	27746	Robot	0	ExecCount	22
@@TS	27856	Robot	1	ExecCount	22
@@TS	29618	Robot	0	ExecCount	24
@@TS	29736	Robot	1	ExecCount	24
@@TS	35158	Robot	0	ExecCount	29
@@TS	35238	Robot	1	ExecCount	29
@@TS	35638	Robot	0	ExecCount	31
@@TS	35716	Robot	1	ExecCount	31
@@TS	36448	Robot	0	ExecCount	33
@@TS	36522	Robot	1	ExecCount	33
@@TS	38134	Robot	0	ExecCount	35
@@TS	38216	Robot	1	ExecCount	35
@@TS	41808	Robot	0	ExecCount	37
@@TS	41882	Robot	1	ExecCount	37
@@TS	45234	Robot	0	ExecCount	39
@@TS	45312	Robot	1	ExecCount	39
@@TS	48522	Robot	0	ExecCount	41
@@TS	48552	Robot	1	ExecCount	41
@@TS	50076	Robot	0	ExecCount	43
@@TS	50078	Robot	1	ExecCount	43
@@TS	51780	Robot	1	ExecCount	45
@@TS	51788	Robot	0	ExecCount	45
@@TS	54990	Robot	1	ExecCount	47
@@TS	54998	Robot	0	ExecCount	47
@@TS	58918	Robot	0	ExecCount	49
@@TS	58920	Robot	1	ExecCount	49
@@TS	62052	Robot	0	ExecCount	51
@@TS	62066	Robot	1	ExecCount	51
@@TS	63260	Robot	0	ExecCount	54
@@TS	63268	Robot	1	ExecCount	54
@@TS	64170	Robot	0	ExecCount	56
@@TS	64184	Robot	1	ExecCount	56
@@TS	67484	Robot	0	ExecCount	58
@@TS	67492	Robot	1	ExecCount	58
@@TS	70110	Robot	0	ExecCount	60
@@TS	70124	Robot	1	ExecCount	60
@@TS	71916	Robot	0	ExecCount	62
@@TS	71924	Robot	1	ExecCount	62
@@TS	72706	Robot	0	ExecCount	64
@@TS	72714	Robot	1	ExecCount	64
@@TS	74116	Robot	1	ExecCount	66
@@TS	74118	Robot	0	ExecCount	66
@@TS	78054	Robot	0	ExecCount	68
@@TS	78068	Robot	1	ExecCount	68
@@TS	81558	Robot	1	ExecCount	70
@@TS	81596	Robot	0	ExecCount	70
@@TS	83500	Robot	1	ExecCount	72
@@TS	83522	Robot	0	ExecCount	72
@@TS	84770	Robot	1	ExecCount	74
@@TS	84784	Robot	0	ExecCount	74
@@TS	86650	Robot	1	ExecCount	76
@@TS	86658	Robot	0	ExecCount	76
@@TS	92148	Robot	1	ExecCount	81
@@TS	92196	Robot	0	ExecCount	81
@@TS	92622	Robot	1	ExecCount	83
@@TS	92674	Robot	0	ExecCount	83
@@TS	93426	Robot	1	ExecCount	85
@@TS	93482	Robot	0	ExecCount	85
@@TS	95120	Robot	1	ExecCount	87
@@TS	95168	Robot	0	ExecCount	87
@@TS	98788	Robot	1	ExecCount	89
@@TS	98848	Robot	0	ExecCount	89
@@TS	102218	Robot	1	ExecCount	91
@@TS	102270	Robot	0	ExecCount	91
@@TS	105458	Robot	1	ExecCount	93
@@TS	105560	Robot	0	ExecCount	93
@@TS	106982	Robot	1	ExecCount	95
@@TS	107114	Robot	0	ExecCount	95
@@TS	108684	Robot	1	ExecCount	97
@@TS	108824	Robot	0	ExecCount	97
@@TS	111894	Robot	1	ExecCount	99
@@TS	112032	Robot	0	ExecCount	99
@@TS	115824	Robot	1	ExecCount	101
@@TS	115954	Robot	0	ExecCount	101
@@TS	118968	Robot	1	ExecCount	103
@@TS	119090	Robot	0	ExecCount	103
@@TS	120174	Robot	1	ExecCount	106
@@TS	120298	Robot	0	ExecCount	106
@@TS	121090	Robot	1	ExecCount	108
@@TS	121206	Robot	0	ExecCount	108
@@TS	124396	Robot	1	ExecCount	110
@@TS	124520	Robot	0	ExecCount	110
@@TS	127028	Robot	1	ExecCount	112
@@TS	127146	Robot	0	ExecCount	112
@@TS	128828	Robot	1	ExecCount	114
@@TS	128952	Robot	0	ExecCount	114
@@TS	129620	Robot	1	ExecCount	116
@@TS	129742	Robot	0	ExecCount	116
@@TS	131022	Robot	1	ExecCount	118
@@TS	131156	Robot	0	ExecCount	118
@@TS	134974	Robot	1	ExecCount	120
@@TS	135092	Robot	0	ExecCount	120
@@TS	138462	Robot	1	ExecCount	122
@@TS	138634	Robot	0	ExecCount	122
@@TS	140406	Robot	1	ExecCount	124
@@TS	140560	Robot	0	ExecCount	124
@@TS	141676	Robot	1	ExecCount	126
@@TS	141822	Robot	0	ExecCount	126
@@TS	143554	Robot	1	ExecCount	128
@@TS	143692	Robot	0	ExecCount	128
@@TS	149055	Robot	1	ExecCount	133
@@TS	149232	Robot	0	ExecCount	133
@@TS	149528	Robot	1	ExecCount	135
@@TS	149710	Robot	0	ExecCount	135
@@TS	150332	Robot	1	ExecCount	137
@@TS	150518	Robot	0	ExecCount	137
@@TS	152027	Robot	1	ExecCount	139
@@TS	152204	Robot	0	ExecCount	139
@@TS	155694	Robot	1	ExecCount	141
@@TS	155882	Robot	0	ExecCount	141
@@TS	159124	Robot	1	ExecCount	143
@@TS	159306	Robot	0	ExecCount	143
@@TS	162365	Robot	1	ExecCount	145
@@TS	162596	Robot	0	ExecCount	145
@@TS	163889	Robot	1	ExecCount	147
@@TS	164150	Robot	0	ExecCount	147
@@TS	165591	Robot	1	ExecCount	149
@@TS	165860	Robot	0	ExecCount	149
@@TS	168801	Robot	1	ExecCount	151
@@TS	169068	Robot	0	ExecCount	151
@@TS	172731	Robot	1	ExecCount	153
@@TS	172990	Robot	0	ExecCount	153
@@TS	175875	Robot	1	ExecCount	155
@@TS	176126	Robot	0	ExecCount	155
@@TS	177081	Robot	1	ExecCount	158
@@TS	177334	Robot	0	ExecCount	158
@@TS	177997	Robot	1	ExecCount	160
@@TS	178242	Robot	0	ExecCount	160
@@TS	181303	Robot	1	ExecCount	162
@@TS	181556	Robot	0	ExecCount	162
@@TS	183935	Robot	1	ExecCount	164
@@TS	184182	Robot	0	ExecCount	164
@@TS	185735	Robot	1	ExecCount	166
@@TS	185988	Robot	0	ExecCount	166
@@TS	186527	Robot	1	ExecCount	168
@@TS	186778	Robot	0	ExecCount	168
@@TS	187929	Robot	1	ExecCount	170
@@TS	188192	Robot	0	ExecCount	170
@@TS	191881	Robot	1	ExecCount	172
@@TS	192128	Robot	0	ExecCount	172
@@TS	195369	Robot	1	ExecCount	174
@@TS	195670	Robot	0	ExecCount	174
@@TS	197313	Robot	1	ExecCount	176
@@TS	197596	Robot	0	ExecCount	176
@@TS	198583	Robot	1	ExecCount	178
@@TS	198858	Robot	0	ExecCount	178
@@TS	200461	Robot	1	ExecCount	180
@@TS	200728	Robot	0	ExecCount	180
@@TS	205961	Robot	1	ExecCount	185
@@TS	206268	Robot	0	ExecCount	185
@@TS	206435	Robot	1	ExecCount	187
@@TS	206746	Robot	0	ExecCount	187
@@TS	207239	Robot	1	ExecCount	189
@@TS	207554	Robot	0	ExecCount	189
@@TS	208933	Robot	1	ExecCount	191
@@TS	209240	Robot	0	ExecCount	191
@@TS	212601	Robot	1	ExecCount	193
@@TS	212918	Robot	0	ExecCount	193
@@TS	216031	Robot	1	ExecCount	195
@@TS	216342	Robot	0	ExecCount	195
@@TS	219271	Robot	1	ExecCount	197
@@TS	219632	Robot	0	ExecCount	197
@@TS	220795	Robot	1	ExecCount	199
@@TS	221186	Robot	0	ExecCount	199
@@TS	222497	Robot	1	ExecCount	201
@@TS	222896	Robot	0	ExecCount	201
@@TS	225707	Robot	1	ExecCount	203
@@TS	226104	Robot	0	ExecCount	203
@@TS	229637	Robot	1	ExecCount	205
@@TS	230026	Robot	0	ExecCount	205
@@TS	232781	Robot	1	ExecCount	207
@@TS	233162	Robot	0	ExecCount	207
@@TS	233987	Robot	1	ExecCount	210
@@TS	234370	Robot	0	ExecCount	210
@@TS	234903	Robot	1	ExecCount	212
@@TS	235278	Robot	0	ExecCount	212
@@TS	238209	Robot	1	ExecCount	214
@@TS	238592	Robot	0	ExecCount	214
@@TS	240841	Robot	1	ExecCount	216
@@TS	241218	Robot	0	ExecCount	216
@@TS	242641	Robot	1	ExecCount	218
@@TS	243024	Robot	0	ExecCount	218
@@TS	243433	Robot	1	ExecCount	220
@@TS	243814	Robot	0	ExecCount	220
@@TS	244835	Robot	1	ExecCount	222
@@TS	245228	Robot	0	ExecCount	222
@@TS	248787	Robot	1	ExecCount	224
@@TS	249164	Robot	0	ExecCount	224
@@TS	252275	Robot	1	ExecCount	226
@@TS	252706	Robot	0	ExecCount	226
@@TS	254219	Robot	1	ExecCount	228
@@TS	254632	Robot	0	ExecCount	228
@@TS	255489	Robot	1	ExecCount	230
@@TS	255894	Robot	0	ExecCount	230
@@TS	257367	Robot	1	ExecCount	232
@@TS	257764	Robot	0	ExecCount	232
@@TS	262867	Robot	1	ExecCount	237
@@TS	263304	Robot	0	ExecCount	237
@@TS	263341	Robot	1	ExecCount	239
@@TS	263782	Robot	0	ExecCount	239
@@TS	264145	Robot	1	ExecCount	241
@@TS	264590	Robot	0	ExecCount	241
@@TS	265839	Robot	1	ExecCount	243
@@TS	266276	Robot	0	ExecCount	243
@@TS	269507	Robot	1	ExecCount	245
@@TS	269954	Robot	0	ExecCount	245
@@TS	272937	Robot	1	ExecCount	247
@@TS	273378	Robot	0	ExecCount	247
@@TS	276177	Robot	1	ExecCount	249
@@TS	276668	Robot	0	ExecCount	249
@@TS	277701	Robot	1	ExecCount	251
@@TS	278222	Robot	0	ExecCount	251
@@TS	279403	Robot	1	ExecCount	253
@@TS	279932	Robot	0	ExecCount	253
@@TS	282613	Robot	1	ExecCount	255
@@TS	283140	Robot	0	ExecCount	255
@@TS	286543	Robot	1	ExecCount	257
@@TS	287062	Robot	0	ExecCount	257
@@TS	289687	Robot	1	ExecCount	259
@@TS	290198	Robot	0	ExecCount	259
@@TS	290893	Robot	1	ExecCount	262
@@TS	291406	Robot	0	ExecCount	262
@@TS	291809	Robot	1	ExecCount	264
@@TS	292314	Robot	0	ExecCount	264
@@TS	295115	Robot	1	ExecCount	266
@@TS	295628	Robot	0	ExecCount	266
@@TS	297747	Robot	1	ExecCount	268
@@TS	298254	Robot	0	ExecCount	268
@@TS	299547	Robot	1	ExecCount	270
@@TS	300060	Robot	0	ExecCount	270
@@TS	300339	Robot	1	ExecCount	272
@@TS	300850	Robot	0	ExecCount	272
@@TS	301741	Robot	1	ExecCount	274
@@TS	302264	Robot	0	ExecCount	274
@@TS	305693	Robot	1	ExecCount	276
@@TS	306200	Robot	0	ExecCount	276
@@TS	309181	Robot	1	ExecCount	278
@@TS	309744	Robot	0	ExecCount	278
@@TS	311125	Robot	1	ExecCount	280
@@TS	311668	Robot	0	ExecCount	280
@@TS	312397	Robot	1	ExecCount	282
@@TS	312930	Robot	0	ExecCount	282
@@TS	314273	Robot	1	ExecCount	284
@@TS	314800	Robot	0	ExecCount	284
@@TS	319775	Robot	1	ExecCount	289
@@TS	320249	Robot	1	ExecCount	291
@@TS	320340	Robot	0	ExecCount	289
@@TS	320818	Robot	0	ExecCount	291
@@TS	321055	Robot	1	ExecCount	293
@@TS	321626	Robot	0	ExecCount	293
@@TS	322747	Robot	1	ExecCount	295
@@TS	323315	Robot	0	ExecCount	295
@@TS	326415	Robot	1	ExecCount	297
@@TS	326992	Robot	0	ExecCount	297
@@TS	329845	Robot	1	ExecCount	299
@@TS	330414	Robot	0	ExecCount	299
@@TS	333087	Robot	1	ExecCount	301
@@TS	333706	Robot	0	ExecCount	301
@@TS	334609	Robot	1	ExecCount	303
@@TS	335260	Robot	0	ExecCount	303
@@TS	336313	Robot	1	ExecCount	305
@@TS	336968	Robot	0	ExecCount	305
@@TS	339521	Robot	1	ExecCount	307
@@TS	340178	Robot	0	ExecCount	307
@@TS	343451	Robot	1	ExecCount	309
@@TS	344098	Robot	0	ExecCount	309
@@TS	346597	Robot	1	ExecCount	311
@@TS	347234	Robot	0	ExecCount	311
@@TS	347803	Robot	1	ExecCount	314
@@TS	348444	Robot	0	ExecCount	314
@@TS	348719	Robot	1	ExecCount	316
@@TS	349352	Robot	0	ExecCount	316
@@TS	352023	Robot	1	ExecCount	318
@@TS	352664	Robot	0	ExecCount	318
@@TS	354657	Robot	1	ExecCount	320
@@TS	355292	Robot	0	ExecCount	320
@@TS	356455	Robot	1	ExecCount	322
@@TS	357098	Robot	0	ExecCount	322
@@TS	357247	Robot	1	ExecCount	324
@@TS	357888	Robot	0	ExecCount	324
@@TS	358651	Robot	1	ExecCount	326
@@TS	359302	Robot	0	ExecCount	326
@@TS	362603	Robot	1	ExecCount	328
@@TS	363236	Robot	0	ExecCount	328
@@TS	366089	Robot	1	ExecCount	330
@@TS	366778	Robot	0	ExecCount	330
@@TS	368035	Robot	1	ExecCount	332
@@TS	368704	Robot	0	ExecCount	332
@@TS	369305	Robot	1	ExecCount	334
@@TS	369968	Robot	0	ExecCount	334
@@TS	371183	Robot	1	ExecCount	336
@@TS	371836	Robot	0	ExecCount	336
@@TS	376682	Robot	1	ExecCount	341
@@TS	377155	Robot	1	ExecCount	343
@@TS	377378	Robot	0	ExecCount	341
@@TS	377856	Robot	0	ExecCount	343
@@TS	377961	Robot	1	ExecCount	345
@@TS	378664	Robot	0	ExecCount	345
@@TS	379656	Robot	1	ExecCount	347
@@TS	380352	Robot	0	ExecCount	347
@@TS	383324	Robot	1	ExecCount	349
@@TS	384029	Robot	0	ExecCount	349
@@TS	386751	Robot	1	ExecCount	351
@@TS	387452	Robot	0	ExecCount	351
@@TS	389992	Robot	1	ExecCount	353
@@TS	390744	Robot	0	ExecCount	353
@@TS	391516	Robot	1	ExecCount	355
@@TS	392296	Robot	0	ExecCount	355
@@TS	393218	Robot	1	ExecCount	357
@@TS	394006	Robot	0	ExecCount	357
@@TS	396428	Robot	1	ExecCount	359
@@TS	397216	Robot	0	ExecCount	359
@@TS	400358	Robot	1	ExecCount	361
@@TS	401136	Robot	0	ExecCount	361
@@TS	403504	Robot	1	ExecCount	363
@@TS	404274	Robot	0	ExecCount	363
@@TS	404710	Robot	1	ExecCount	366
@@TS	405482	Robot	0	ExecCount	366
@@TS	405626	Robot	1	ExecCount	368
@@TS	406390	Robot	0	ExecCount	368
@@TS	408930	Robot	1	ExecCount	370
@@TS	409702	Robot	0	ExecCount	370
@@TS	411564	Robot	1	ExecCount	372
@@TS	412330	Robot	0	ExecCount	372
@@TS	413362	Robot	1	ExecCount	374
@@TS	414134	Robot	0	ExecCount	374
@@TS	414156	Robot	1	ExecCount	376
@@TS	414923	Robot	0	ExecCount	376
@@TS	415558	Robot	1	ExecCount	378
@@TS	416340	Robot	0	ExecCount	378
@@TS	419508	Robot	1	ExecCount	380
@@TS	420273	Robot	0	ExecCount	380
@@TS	422996	Robot	1	ExecCount	382
@@TS	423818	Robot	0	ExecCount	382
@@TS	424940	Robot	1	ExecCount	384
@@TS	425745	Robot	0	ExecCount	384
@@TS	426210	Robot	1	ExecCount	386
@@TS	427005	Robot	0	ExecCount	386
@@TS	428088	Robot	1	ExecCount	388
@@TS	428876	Robot	0	ExecCount	388
@@TS	433590	Robot	1	ExecCount	393
@@TS	434064	Robot	1	ExecCount	395
@@TS	434413	Robot	0	ExecCount	393
@@TS	434868	Robot	1	ExecCount	397
@@TS	434893	Robot	0	ExecCount	395
@@TS	435700	Robot	0	ExecCount	397
@@TS	436562	Robot	1	ExecCount	399
@@TS	437386	Robot	0	ExecCount	399
@@TS	440232	Robot	1	ExecCount	401
@@TS	441064	Robot	0	ExecCount	401
@@TS	443662	Robot	1	ExecCount	403
@@TS	444490	Robot	0	ExecCount	403
@@TS	446900	Robot	1	ExecCount	405
@@TS	447777	Robot	0	ExecCount	405
@@TS	448424	Robot	1	ExecCount	407
@@TS	449331	Robot	0	ExecCount	407
@@TS	450126	Robot	1	ExecCount	409
@@TS	451041	Robot	0	ExecCount	409
@@TS	453338	Robot	1	ExecCount	411
@@TS	454251	Robot	0	ExecCount	411
@@TS	457266	Robot	1	ExecCount	413
@@TS	458172	Robot	0	ExecCount	413
@@TS	460410	Robot	1	ExecCount	415
@@TS	461309	Robot	0	ExecCount	415
@@TS	461616	Robot	1	ExecCount	418
@@TS	462517	Robot	0	ExecCount	418
@@TS	462532	Robot	1	ExecCount	420
@@TS	463424	Robot	0	ExecCount	420
@@TS	465840	Robot	1	ExecCount	422
@@TS	466737	Robot	0	ExecCount	422
@@TS	468472	Robot	1	ExecCount	424
@@TS	469363	Robot	0	ExecCount	424
@@TS	470270	Robot	1	ExecCount	426
@@TS	471062	Robot	1	ExecCount	428
@@TS	471169	Robot	0	ExecCount	426
@@TS	471960	Robot	0	ExecCount	428
@@TS	472464	Robot	1	ExecCount	430
@@TS	473373	Robot	0	ExecCount	430
@@TS	476416	Robot	1	ExecCount	432
@@TS	477309	Robot	0	ExecCount	432
@@TS	479904	Robot	1	ExecCount	434
@@TS	480851	Robot	0	ExecCount	434
@@TS	481848	Robot	1	ExecCount	436
@@TS	482777	Robot	0	ExecCount	436
@@TS	483118	Robot	1	ExecCount	438
@@TS	484039	Robot	0	ExecCount	438
@@TS	484996	Robot	1	ExecCount	440
@@TS	485909	Robot	0	ExecCount	440
@@TS	490496	Robot	1	ExecCount	445
@@TS	490970	Robot	1	ExecCount	447
@@TS	491450	Robot	0	ExecCount	445
@@TS	491774	Robot	1	ExecCount	449
@@TS	491927	Robot	0	ExecCount	447
@@TS	492735	Robot	0	ExecCount	449
@@TS	493468	Robot	1	ExecCount	451
@@TS	494421	Robot	0	ExecCount	451
@@TS	497136	Robot	1	ExecCount	453
@@TS	498099	Robot	0	ExecCount	453
@@TS	500566	Robot	1	ExecCount	455
@@TS	501523	Robot	0	ExecCount	455
@@TS	503806	Robot	1	ExecCount	457
@@TS	504813	Robot	0	ExecCount	457
@@TS	505330	Robot	1	ExecCount	459
@@TS	506367	Robot	0	ExecCount	459
@@TS	507032	Robot	1	ExecCount	461
@@TS	508077	Robot	0	ExecCount	461
@@TS	510242	Robot	1	ExecCount	463
@@TS	511285	Robot	0	ExecCount	463
@@TS	514172	Robot	1	ExecCount	465
@@TS	515208	Robot	0	ExecCount	465
@@TS	517316	Robot	1	ExecCount	467
@@TS	518343	Robot	0	ExecCount	467
@@TS	518522	Robot	1	ExecCount	470
@@TS	519438	Robot	1	ExecCount	472
@@TS	519551	Robot	0	ExecCount	470
@@TS	520459	Robot	0	ExecCount	472
@@TS	522744	Robot	1	ExecCount	474
@@TS	523773	Robot	0	ExecCount	474
@@TS	525376	Robot	1	ExecCount	476
@@TS	526399	Robot	0	ExecCount	476
@@TS	527176	Robot	1	ExecCount	478
@@TS	527968	Robot	1	ExecCount	480
@@TS	528205	Robot	0	ExecCount	478
@@TS	528995	Robot	0	ExecCount	480
@@TS	529370	Robot	1	ExecCount	482
@@TS	530409	Robot	0	ExecCount	482
@@TS	533322	Robot	1	ExecCount	484
@@TS	534345	Robot	0	ExecCount	484
@@TS	536810	Robot	1	ExecCount	486
@@TS	537887	Robot	0	ExecCount	486
@@TS	538754	Robot	1	ExecCount	488
@@TS	539813	Robot	0	ExecCount	488
@@TS	540024	Robot	1	ExecCount	490
@@TS	541075	Robot	0	ExecCount	490
@@TS	541902	Robot	1	ExecCount	492
@@TS	542945	Robot	0	ExecCount	492
@@TS	547402	Robot	1	ExecCount	497
@@TS	547876	Robot	1	ExecCount	499
@@TS	548486	Robot	0	ExecCount	497
@@TS	548680	Robot	1	ExecCount	501
@@TS	548964	Robot	0	ExecCount	499
@@TS	549771	Robot	0	ExecCount	501
@@TS	550374	Robot	1	ExecCount	503
@@TS	551457	Robot	0	ExecCount	503
@@TS	554042	Robot	1	ExecCount	505
@@TS	555135	Robot	0	ExecCount	505
@@TS	557472	Robot	1	ExecCount	507
@@TS	558559	Robot	0	ExecCount	507
@@TS	560712	Robot	1	ExecCount	509
@@TS	561849	Robot	0	ExecCount	509
@@TS	562236	Robot	1	ExecCount	511
@@TS	563407	Robot	0	ExecCount	511
@@TS	563938	Robot	1	ExecCount	513
@@TS	565113	Robot	0	ExecCount	513
@@TS	567148	Robot	1	ExecCount	515
@@TS	568321	Robot	0	ExecCount	515
@@TS	571078	Robot	1	ExecCount	517
@@TS	572243	Robot	0	ExecCount	517
@@TS	574222	Robot	1	ExecCount	519
@@TS	575379	Robot	0	ExecCount	519
@@TS	575428	Robot	1	ExecCount	522
@@TS	576344	Robot	1	ExecCount	524
@@TS	576587	Robot	0	ExecCount	522
@@TS	577495	Robot	0	ExecCount	524
@@TS	579650	Robot	1	ExecCount	526
@@TS	580809	Robot	0	ExecCount	526
@@TS	582282	Robot	1	ExecCount	528
@@TS	583435	Robot	0	ExecCount	528
@@TS	584082	Robot	1	ExecCount	530
@@TS	584874	Robot	1	ExecCount	532
@@TS	585241	Robot	0	ExecCount	530
@@TS	586031	Robot	0	ExecCount	532
@@TS	586276	Robot	1	ExecCount	534
@@TS	587445	Robot	0	ExecCount	534
@@TS	590228	Robot	1	ExecCount	536
@@TS	591381	Robot	0	ExecCount	536
@@TS	593716	Robot	1	ExecCount	538
@@TS	594923	Robot	0	ExecCount	538
@@TS	595660	Robot	1	ExecCount	540
@@TS	596849	Robot	0	ExecCount	540
@@TS	596930	Robot	1	ExecCount	542
@@TS	598111	Robot	0	ExecCount	542
@@TS	598808	Robot	1	ExecCount	544
@@TS	599981	Robot	0	ExecCount	544
@@TS	604308	Robot	1	ExecCount	549
@@TS	604782	Robot	1	ExecCount	551
@@TS	605521	Robot	0	ExecCount	549
@@TS	605586	Robot	1	ExecCount	553
@@TS	605999	Robot	0	ExecCount	551
@@TS	606807	Robot	0	ExecCount	553
@@TS	607280	Robot	1	ExecCount	555
@@TS	608493	Robot	0	ExecCount	555
@@TS	610948	Robot	1	ExecCount	557
@@TS	612171	Robot	0	ExecCount	557
@@TS	614378	Robot	1	ExecCount	559
@@TS	615595	Robot	0	ExecCount	559
@@TS	617618	Robot	1	ExecCount	561
@@TS	618885	Robot	0	ExecCount	561
@@TS	619142	Robot	1	ExecCount	563
@@TS	620439	Robot	0	ExecCount	563
@@TS	620844	Robot	1	ExecCount	565
@@TS	622149	Robot	0	ExecCount	565
@@TS	624054	Robot	1	ExecCount	567
@@TS	625357	Robot	0	ExecCount	567
@@TS	627984	Robot	1	ExecCount	569
@@TS	629279	Robot	0	ExecCount	569
@@TS	631128	Robot	1	ExecCount	571
@@TS	632334	Robot	1	ExecCount	574
@@TS	632415	Robot	0	ExecCount	571
@@TS	633250	Robot	1	ExecCount	576
@@TS	633623	Robot	0	ExecCount	574
@@TS	634531	Robot	0	ExecCount	576
@@TS	636556	Robot	1	ExecCount	578
@@TS	637845	Robot	0	ExecCount	578
@@TS	639188	Robot	1	ExecCount	580
@@TS	640471	Robot	0	ExecCount	580
@@TS	640988	Robot	1	ExecCount	582
@@TS	641780	Robot	1	ExecCount	584
@@TS	642277	Robot	0	ExecCount	582
@@TS	643067	Robot	0	ExecCount	584
@@TS	643182	Robot	1	ExecCount	586
@@TS	644481	Robot	0	ExecCount	586
@@TS	647134	Robot	1	ExecCount	588
@@TS	648417	Robot	0	ExecCount	588
@@TS	650622	Robot	1	ExecCount	590
@@TS	651959	Robot	0	ExecCount	590
@@TS	652566	Robot	1	ExecCount	592
@@TS	653837	Robot	1	ExecCount	594
@@TS	653885	Robot	0	ExecCount	592
@@TS	655147	Robot	0	ExecCount	594
@@TS	655714	Robot	1	ExecCount	596
@@TS	657017	Robot	0	ExecCount	596
@@TS	661215	Robot	1	ExecCount	601
@@TS	661689	Robot	1	ExecCount	603
@@TS	662493	Robot	1	ExecCount	605
@@TS	662557	Robot	0	ExecCount	601
@@TS	663035	Robot	0	ExecCount	603
@@TS	663843	Robot	0	ExecCount	605
@@TS	664187	Robot	1	ExecCount	607
@@TS	665529	Robot	0	ExecCount	607
@@TS	667855	Robot	1	ExecCount	609
@@TS	669207	Robot	0	ExecCount	609
@@TS	671285	Robot	1	ExecCount	611
@@TS	672631	Robot	0	ExecCount	611
@@TS	674525	Robot	1	ExecCount	613
@@TS	675921	Robot	0	ExecCount	613
@@TS	676049	Robot	1	ExecCount	615
@@TS	677475	Robot	0	ExecCount	615
@@TS	677753	Robot	1	ExecCount	617
@@TS	679185	Robot	0	ExecCount	617
@@TS	680961	Robot	1	ExecCount	619
@@TS	682393	Robot	0	ExecCount	619
@@TS	684891	Robot	1	ExecCount	621
@@TS	686315	Robot	0	ExecCount	621
@@TS	688035	Robot	1	ExecCount	623
@@TS	689241	Robot	1	ExecCount	626
@@TS	689451	Robot	0	ExecCount	623
@@TS	690157	Robot	1	ExecCount	628
@@TS	690659	Robot	0	ExecCount	626
@@TS	691567	Robot	0	ExecCount	628
@@TS	693463	Robot	1	ExecCount	630
@@TS	694881	Robot	0	ExecCount	630
@@TS	696095	Robot	1	ExecCount	632
@@TS	697507	Robot	0	ExecCount	632
@@TS	697895	Robot	1	ExecCount	634
@@TS	698687	Robot	1	ExecCount	636
@@TS	699317	Robot	0	ExecCount	634
@@TS	700089	Robot	1	ExecCount	638
@@TS	700103	Robot	0	ExecCount	636
@@TS	701517	Robot	0	ExecCount	638
@@TS	704041	Robot	1	ExecCount	640
@@TS	705453	Robot	0	ExecCount	640
@@TS	707529	Robot	1	ExecCount	642
@@TS	708995	Robot	0	ExecCount	642
@@TS	709473	Robot	1	ExecCount	644
@@TS	710743	Robot	1	ExecCount	646
@@TS	710921	Robot	0	ExecCount	644
@@TS	712183	Robot	0	ExecCount	646
@@TS	712621	Robot	1	ExecCount	648
@@TS	714053	Robot	0	ExecCount	648
@@TS	718121	Robot	1	ExecCount	653
@@TS	718595	Robot	1	ExecCount	655
@@TS	719399	Robot	1	ExecCount	657
@@TS	719593	Robot	0	ExecCount	653
@@TS	720071	Robot	0	ExecCount	655
@@TS	720879	Robot	0	ExecCount	657
@@TS	721093	Robot	1	ExecCount	659
@@TS	722565	Robot	0	ExecCount	659
@@TS	724761	Robot	1	ExecCount	661
@@TS	726243	Robot	0	ExecCount	661
@@TS	728191	Robot	1	ExecCount	663
@@TS	729667	Robot	0	ExecCount	663
@@TS	731431	Robot	1	ExecCount	665
@@TS	732955	Robot	1	ExecCount	667
@@TS	732957	Robot	0	ExecCount	665
@@TS	734511	Robot	0	ExecCount	667
@@TS	734657	Robot	1	ExecCount	669
@@TS	736221	Robot	0	ExecCount	669
@@TS	737867	Robot	1	ExecCount	671
@@TS	739429	Robot	0	ExecCount	671
@@TS	741799	Robot	1	ExecCount	673
@@TS	743351	Robot	0	ExecCount	673
@@TS	744941	Robot	1	ExecCount	675
@@TS	746147	Robot	1	ExecCount	678
@@TS	746489	Robot	0	ExecCount	675
@@TS	747065	Robot	1	ExecCount	680
@@TS	747695	Robot	0	ExecCount	678
@@TS	748603	Robot	0	ExecCount	680
@@TS	750371	Robot	1	ExecCount	682
@@TS	751919	Robot	0	ExecCount	682
@@TS	753003	Robot	1	ExecCount	684
@@TS	754543	Robot	0	ExecCount	684
@@TS	754801	Robot	1	ExecCount	686
@@TS	755594	Robot	1	ExecCount	688
@@TS	756349	Robot	0	ExecCount	686
@@TS	756995	Robot	1	ExecCount	690
@@TS	757139	Robot	0	ExecCount	688
@@TS	758554	Robot	0	ExecCount	690
@@TS	760949	Robot	1	ExecCount	692
@@TS	762489	Robot	0	ExecCount	692
@@TS	764435	Robot	1	ExecCount	694
@@TS	766031	Robot	0	ExecCount	694
@@TS	766381	Robot	1	ExecCount	696
@@TS	767649	Robot	1	ExecCount	698
@@TS	767957	Robot	0	ExecCount	696
@@TS	769219	Robot	0	ExecCount	698
@@TS	769529	Robot	1	ExecCount	700
@@TS	771089	Robot	0	ExecCount	700
@@TS	775029	Robot	1	ExecCount	705
@@TS	775505	Robot	1	ExecCount	707
@@TS	776307	Robot	1	ExecCount	709
@@TS	776629	Robot	0	ExecCount	705
@@TS	777107	Robot	0	ExecCount	707
@@TS	777917	Robot	0	ExecCount	709
@@TS	778003	Robot	1	ExecCount	711
@@TS	779601	Robot	0	ExecCount	711
@@TS	781671	Robot	1	ExecCount	713
@@TS	783279	Robot	0	ExecCount	713
@@TS	785101	Robot	1	ExecCount	715
@@TS	786703	Robot	0	ExecCount	715
@@TS	788339	Robot	1	ExecCount	717
@@TS	789863	Robot	1	ExecCount	719
@@TS	789993	Robot	0	ExecCount	717
@@TS	791547	Robot	0	ExecCount	719
@@TS	791565	Robot	1	ExecCount	721
@@TS	793257	Robot	0	ExecCount	721
@@TS	794775	Robot	1	ExecCount	723
@@TS	796467	Robot	0	ExecCount	723
@@TS	798707	Robot	1	ExecCount	725
@@TS	800387	Robot	0	ExecCount	725
@@TS	801849	Robot	1	ExecCount	727
@@TS	803055	Robot	1	ExecCount	730
@@TS	803525	Robot	0	ExecCount	727
@@TS	803971	Robot	1	ExecCount	732
@@TS	804733	Robot	0	ExecCount	730
@@TS	805641	Robot	0	ExecCount	732
@@TS	807279	Robot	1	ExecCount	734
@@TS	808953	Robot	0	ExecCount	734
@@TS	809909	Robot	1	ExecCount	736
@@TS	811579	Robot	0	ExecCount	736
@@TS	811711	Robot	1	ExecCount	738
@@TS	812501	Robot	1	ExecCount	740
@@TS	813387	Robot	0	ExecCount	738
@@TS	813905	Robot	1	ExecCount	742
@@TS	814175	Robot	0	ExecCount	740
@@TS	815591	Robot	0	ExecCount	742
@@TS	817855	Robot	1	ExecCount	744
@@TS	819525	Robot	0	ExecCount	744
@@TS	821345	Robot	1	ExecCount	746
@@TS	823067	Robot	0	ExecCount	746
@@TS	823287	Robot	1	ExecCount	748
@@TS	824557	Robot	1	ExecCount	750
@@TS	824993	Robot	0	ExecCount	748
@@TS	826255	Robot	0	ExecCount	750
@@TS	826437	Robot	1	ExecCount	752
@@TS	828127	Robot	0	ExecCount	752
@@TS	831937	Robot	1	ExecCount	757
@@TS	832413	Robot	1	ExecCount	759
@@TS	833215	Robot	1	ExecCount	761
@@TS	833667	Robot	0	ExecCount	757
@@TS	834145	Robot	0	ExecCount	759
@@TS	834909	Robot	1	ExecCount	763
@@TS	834955	Robot	0	ExecCount	761
@@TS	836641	Robot	0	ExecCount	763
@@TS	838579	Robot	1	ExecCount	765
@@TS	840319	Robot	0	ExecCount	765
@@TS	842009	Robot	1	ExecCount	767
@@TS	843743	Robot	0	ExecCount	767
@@TS	845247	Robot	1	ExecCount	769
@@TS	846773	Robot	1	ExecCount	771
@@TS	847033	Robot	0	ExecCount	769
@@TS	848473	Robot	1	ExecCount	773
@@TS	848588	Robot	0	ExecCount	771
@@TS	850297	Robot	0	ExecCount	773
@@TS	851685	Robot	1	ExecCount	775
@@TS	853503	Robot	0	ExecCount	775
@@TS	855613	Robot	1	ExecCount	777
@@TS	857427	Robot	0	ExecCount	777
@@TS	858759	Robot	1	ExecCount	779
@@TS	859963	Robot	1	ExecCount	782
@@TS	860561	Robot	0	ExecCount	779
@@TS	860879	Robot	1	ExecCount	784
@@TS	861771	Robot	0	ExecCount	782
@@TS	862677	Robot	0	ExecCount	784
@@TS	864187	Robot	1	ExecCount	786
@@TS	865991	Robot	0	ExecCount	786
@@TS	866819	Robot	1	ExecCount	788
@@TS	868617	Robot	0	ExecCount	788
@@TS	868619	Robot	1	ExecCount	790
@@TS	869409	Robot	1	ExecCount	792
@@TS	870423	Robot	0	ExecCount	790
@@TS	870813	Robot	1	ExecCount	794
@@TS	871215	Robot	0	ExecCount	792
@@TS	872627	Robot	0	ExecCount	794
@@TS	874763	Robot	1	ExecCount	796
@@TS	876563	Robot	0	ExecCount	796
@@TS	878253	Robot	1	ExecCount	798
@@TS	880105	Robot	0	ExecCount	798
@@TS	880195	Robot	1	ExecCount	800
@@TS	881465	Robot	1	ExecCount	802
@@TS	882031	Robot	0	ExecCount	800
@@TS	883295	Robot	0	ExecCount	802
@@TS	883345	Robot	1	ExecCount	804
@@TS	885163	Robot	0	ExecCount	804
@@TS	888843	Robot	1	ExecCount	809
@@TS	889317	Robot	1	ExecCount	811
@@TS	890123	Robot	1	ExecCount	813
@@TS	890705	Robot	0	ExecCount	809
@@TS	891183	Robot	0	ExecCount	811
@@TS	891817	Robot	1	ExecCount	815
@@TS	891991	Robot	0	ExecCount	813
@@TS	893677	Robot	0	ExecCount	815
@@TS	895483	Robot	1	ExecCount	817
@@TS	897357	Robot	0	ExecCount	817
@@TS	898915	Robot	1	ExecCount	819
@@TS	900779	Robot	0	ExecCount	819
@@TS	902153	Robot	1	ExecCount	821
@@TS	903677	Robot	1	ExecCount	823
@@TS	904071	Robot	0	ExecCount	821
@@TS	905379	Robot	1	ExecCount	825
@@TS	905625	Robot	0	ExecCount	823
@@TS	907333	Robot	0	ExecCount	825
@@TS	908589	Robot	1	ExecCount	827
@@TS	910543	Robot	0	ExecCount	827
@@TS	912519	Robot	1	ExecCount	829
@@TS	914463	Robot	0	ExecCount	829
@@TS	915665	Robot	1	ExecCount	831
@@TS	916871	Robot	1	ExecCount	834
@@TS	917599	Robot	0	ExecCount	831
@@TS	917785	Robot	1	ExecCount	836
@@TS	918807	Robot	0	ExecCount	834
@@TS	919717	Robot	0	ExecCount	836
@@TS	921093	Robot	1	ExecCount	838
@@TS	923029	Robot	0	ExecCount	838
@@TS	923725	Robot	1	ExecCount	840
@@TS	925525	Robot	1	ExecCount	842
@@TS	925655	Robot	0	ExecCount	840
@@TS	926317	Robot	1	ExecCount	844
@@TS	927463	Robot	0	ExecCount	842
@@TS	927717	Robot	1	ExecCount	846
@@TS	928251	Robot	0	ExecCount	844
@@TS	929665	Robot	0	ExecCount	846
@@TS	931669	Robot	1	ExecCount	848
@@TS	933601	Robot	0	ExecCount	848
@@TS	935157	Robot	1	ExecCount	850
@@TS	937102	Robot	1	ExecCount	852
@@TS	937145	Robot	0	ExecCount	850
@@TS	938371	Robot	1	ExecCount	854
@@TS	939071	Robot	0	ExecCount	852
@@TS	940249	Robot	1	ExecCount	856
@@TS	940331	Robot	0	ExecCount	854
@@TS	942203	Robot	0	ExecCount	856
@@TS	945750	Robot	1	ExecCount	861
@@TS	946225	Robot	1	ExecCount	863
@@TS	947028	Robot	1	ExecCount	865
@@TS	947743	Robot	0	ExecCount	861
@@TS	948223	Robot	0	ExecCount	863
@@TS	948721	Robot	1	ExecCount	867
@@TS	949029	Robot	0	ExecCount	865
@@TS	950715	Robot	0	ExecCount	867
@@TS	952390	Robot	1	ExecCount	869
@@TS	5630	Robot	1	ExecCount	2
@@TS	5708	Robot	0	ExecCount	2
@@TS	7415	Robot	1	ExecCount	4
@@TS	7484	Robot	0	ExecCount	4
@@TS	10783	Robot	1	ExecCount	6
@@TS	10840	Robot	0	ExecCount	6
@@TS	13415	Robot	1	ExecCount	8
@@TS	13466	Robot	0	ExecCount	8
@@TS	15215	Robot	1	ExecCount	10
@@TS	15272	Robot	0	ExecCount	10
@@TS	16007	Robot	1	ExecCount	12
@@TS	16062	Robot	0	ExecCount	12
@@TS	17409	Robot	1	ExecCount	14
@@TS	17476	Robot	0	ExecCount	14
@@TS	21361	Robot	1	ExecCount	16
@@TS	21412	Robot	0	ExecCount	16
@@TS	24849	Robot	1	ExecCount	18
@@TS	24954	Robot	0	ExecCount	18
@@TS	26793	Robot	1	ExecCount	20
@@TS	26880	Robot	0	ExecCount	20
@@TS	28063	Robot	1	ExecCount	22
@@TS	28142	Robot	0	ExecCount	22
@@TS	29941	Robot	1	ExecCount	24
@@TS	30012	Robot	0	ExecCount	24
@@TS	35442	Robot	1	ExecCount	29
@@TS	35552	Robot	0	ExecCount	29
@@TS	35916	Robot	1	ExecCount	31
@@TS	36030	Robot	0	ExecCount	31
@@TS	36719	Robot	1	ExecCount	33
@@TS	36838	Robot	0	ExecCount	33
@@TS	38413	Robot	1	ExecCount	35
@@TS	38524	Robot	0	ExecCount	35
@@TS	42081	Robot	1	ExecCount	37
@@TS	42202	Robot	0	ExecCount	37
@@TS	45512	Robot	1	ExecCount	39
@@TS	45626	Robot	0	ExecCount	39
@@TS	48751	Robot	1	ExecCount	41
@@TS	48916	Robot	0	ExecCount	41
@@TS	50275	Robot	1	ExecCount	43
@@TS	50470	Robot	0	ExecCount	43
@@TS	51977	Robot	1	ExecCount	45
@@TS	52180	Robot	0	ExecCount	45
@@TS	55187	Robot	1	ExecCount	47
@@TS	55388	Robot	0	ExecCount	47
@@TS	59118	Robot	1	ExecCount	49
@@TS	59310	Robot	0	ExecCount	49
@@TS	62261	Robot	1	ExecCount	51
@@TS	62446	Robot	0	ExecCount	51
@@TS	63467	Robot	1	ExecCount	54
@@TS	63654	Robot	0	ExecCount	54
@@TS	64383	Robot	1	ExecCount	56
@@TS	64562	Robot	0	ExecCount	56
@@TS	67689	Robot	1	ExecCount	58
@@TS	67876	Robot	0	ExecCount	58
@@TS	70321	Robot	1	ExecCount	60
@@TS	70502	Robot	0	ExecCount	60
@@TS	72122	Robot	1	ExecCount	62
@@TS	72308	Robot	0	ExecCount	62
@@TS	72913	Robot	1	ExecCount	64
@@TS	73098	Robot	0	ExecCount	64
@@TS	74315	Robot	1	ExecCount	66
@@TS	74512	Robot	0	ExecCount	66
@@TS	78267	Robot	1	ExecCount	68
@@TS	78448	Robot	0	ExecCount	68
@@TS	81755	Robot	1	ExecCount	70
@@TS	81990	Robot	0	ExecCount	70
@@TS	83699	Robot	1	ExecCount	72
@@TS	83916	Robot	0	ExecCount	72
@@TS	84969	Robot	1	ExecCount	74
@@TS	85178	Robot	0	ExecCount	74
@@TS	86847	Robot	1	ExecCount	76
@@TS	87048	Robot	0	ExecCount	76
@@TS	92348	Robot	1	ExecCount	81
@@TS	92588	Robot	0	ExecCount	81
@@TS	92822	Robot	1	ExecCount	83
@@TS	93066	Robot	0	ExecCount	83
@@TS	93625	Robot	1	ExecCount	85
@@TS	93874	Robot	0	ExecCount	85
@@TS	95320	Robot	1	ExecCount	87
@@TS	95560	Robot	0	ExecCount	87
@@TS	98988	Robot	1	ExecCount	89
@@TS	99238	Robot	0	ExecCount	89
@@TS	102418	Robot	1	ExecCount	91
@@TS	102662	Robot	0	ExecCount	91
@@TS	105658	Robot	1	ExecCount	93
@@TS	105952	Robot	0	ExecCount	93
@@TS	107181	Robot	1	ExecCount	95
@@TS	107506	Robot	0	ExecCount	95
@@TS	108884	Robot	1	ExecCount	97
@@TS	109216	Robot	0	ExecCount	97
@@TS	112094	Robot	1	ExecCount	99
@@TS	112424	Robot	0	ExecCount	99
@@TS	116024	Robot	1	ExecCount	101
@@TS	116346	Robot	0	ExecCount	101
@@TS	119168	Robot	1	ExecCount	103
@@TS	119482	Robot	0	ExecCount	103
@@TS	120376	Robot	1	ExecCount	106
@@TS	120690	Robot	0	ExecCount	106
@@TS	121290	Robot	1	ExecCount	108
@@TS	121598	Robot	0	ExecCount	108
@@TS	124596	Robot	1	ExecCount	110
@@TS	124912	Robot	0	ExecCount	110
@@TS	127228	Robot	1	ExecCount	112
@@TS	127538	Robot	0	ExecCount	112
@@TS	129028	Robot	1	ExecCount	114
@@TS	129344	Robot	0	ExecCount	114
@@TS	129820	Robot	1	ExecCount	116
@@TS	130134	Robot	0	ExecCount	116
@@TS	131222	Robot	1	ExecCount	118
@@TS	131548	Robot	0	ExecCount	118
@@TS	135174	Robot	1	ExecCount	120
@@TS	135484	Robot	0	ExecCount	120
@@TS	138662	Robot	1	ExecCount	122
@@TS	139028	Robot	0	ExecCount	122
@@TS	140608	Robot	1	ExecCount	124
@@TS	140952	Robot	0	ExecCount	124
@@TS	141876	Robot	1	ExecCount	126
@@TS	142214	Robot	0	ExecCount	126
@@TS	143754	Robot	1	ExecCount	128
@@TS	144084	Robot	0	ExecCount	128
@@TS	149256	Robot	1	ExecCount	133
@@TS	149624	Robot	0	ExecCount	133
@@TS	149730	Robot	1	ExecCount	135
@@TS	150102	Robot	0	ExecCount	135
@@TS	150536	Robot	1	ExecCount	137
@@TS	150910	Robot	0	ExecCount	137
@@TS	152228	Robot	1	ExecCount	139
@@TS	152598	Robot	0	ExecCount	139
@@TS	155896	Robot	1	ExecCount	141
@@TS	156274	Robot	0	ExecCount	141
@@TS	159326	Robot	1	ExecCount	143
@@TS	159700	Robot	0	ExecCount	143
@@TS	162566	Robot	1	ExecCount	145
@@TS	162990	Robot	0	ExecCount	145
@@TS	164092	Robot	1	ExecCount	147
@@TS	164544	Robot	0	ExecCount	147
@@TS	165792	Robot	1	ExecCount	149
@@TS	166254	Robot	0	ExecCount	149
@@TS	169004	Robot	1	ExecCount	151
@@TS	169462	Robot	0	ExecCount	151
@@TS	172932	Robot	1	ExecCount	153
@@TS	173384	Robot	0	ExecCount	153
@@TS	176076	Robot	1	ExecCount	155
@@TS	176520	Robot	0	ExecCount	155
@@TS	177282	Robot	1	ExecCount	158
@@TS	177726	Robot	0	ExecCount	158
@@TS	178198	Robot	1	ExecCount	160
@@TS	178634	Robot	0	ExecCount	160
@@TS	181504	Robot	1	ExecCount	162
@@TS	181950	Robot	0	ExecCount	162
@@TS	184138	Robot	1	ExecCount	164
@@TS	184574	Robot	0	ExecCount	164
@@TS	185938	Robot	1	ExecCount	166
@@TS	186382	Robot	0	ExecCount	166
@@TS	186728	Robot	1	ExecCount	168
@@TS	187170	Robot	0	ExecCount	168
@@TS	188130	Robot	1	ExecCount	170
@@TS	188584	Robot	0	ExecCount	170
@@TS	192084	Robot	1	ExecCount	172
@@TS	192522	Robot	0	ExecCount	172
@@TS	195570	Robot	1	ExecCount	174
@@TS	196064	Robot	0	ExecCount	174
@@TS	197514	Robot	1	ExecCount	176
@@TS	197988	Robot	0	ExecCount	176
@@TS	198784	Robot	1	ExecCount	178
@@TS	199250	Robot	0	ExecCount	178
@@TS	200664	Robot	1	ExecCount	180
@@TS	201120	Robot	0	ExecCount	180
@@TS	206162	Robot	1	ExecCount	185
@@TS	206636	Robot	1	ExecCount	187
@@TS	206662	Robot	0	ExecCount	185
@@TS	207140	Robot	0	ExecCount	187
@@TS	207442	Robot	1	ExecCount	189
@@TS	207950	Robot	0	ExecCount	189
@@TS	209136	Robot	1	ExecCount	191
@@TS	209636	Robot	0	ExecCount	191
@@TS	212804	Robot	1	ExecCount	193
@@TS	213314	Robot	0	ExecCount	193
@@TS	216232	Robot	1	ExecCount	195
@@TS	216738	Robot	0	ExecCount	195
@@TS	219474	Robot	1	ExecCount	197
@@TS	220026	Robot	0	ExecCount	197
@@TS	220996	Robot	1	ExecCount	199
@@TS	221582	Robot	0	ExecCount	199
@@TS	222700	Robot	1	ExecCount	201
@@TS	223290	Robot	0	ExecCount	201
@@TS	225908	Robot	1	ExecCount	203
@@TS	226498	Robot	0	ExecCount	203
@@TS	229840	Robot	1	ExecCount	205
@@TS	230422	Robot	0	ExecCount	205
@@TS	232984	Robot	1	ExecCount	207
@@TS	233558	Robot	0	ExecCount	207
@@TS	234190	Robot	1	ExecCount	210
@@TS	234764	Robot	0	ExecCount	210
@@TS	235104	Robot	1	ExecCount	212
@@TS	235674	Robot	0	ExecCount	212
@@TS	238414	Robot	1	ExecCount	214
@@TS	238988	Robot	0	ExecCount	214
@@TS	241044	Robot	1	ExecCount	216
@@TS	241614	Robot	0	ExecCount	216
@@TS	242842	Robot	1	ExecCount	218
@@TS	243420	Robot	0	ExecCount	218
@@TS	243634	Robot	1	ExecCount	220
@@TS	244208	Robot	0	ExecCount	220
@@TS	245036	Robot	1	ExecCount	222
@@TS	245622	Robot	0	ExecCount	222
@@TS	248990	Robot	1	ExecCount	224
@@TS	249558	Robot	0	ExecCount	224
@@TS	252476	Robot	1	ExecCount	226
@@TS	253102	Robot	0	ExecCount	226
@@TS	254422	Robot	1	ExecCount	228
@@TS	255026	Robot	0	ExecCount	228
@@TS	255690	Robot	1	ExecCount	230
@@TS	256288	Robot	0	ExecCount	230
@@TS	257568	Robot	1	ExecCount	232
@@TS	258158	Robot	0	ExecCount	232
@@TS	263068	Robot	1	ExecCount	237
@@TS	263542	Robot	1	ExecCount	239
@@TS	263698	Robot	0	ExecCount	237
@@TS	264176	Robot	0	ExecCount	239
@@TS	264346	Robot	1	ExecCount	241
@@TS	264986	Robot	0	ExecCount	241
@@TS	266040	Robot	1	ExecCount	243
@@TS	266672	Robot	0	ExecCount	243
@@TS	269708	Robot	1	ExecCount	245
@@TS	270350	Robot	0	ExecCount	245
@@TS	273140	Robot	1	ExecCount	247
@@TS	273774	Robot	0	ExecCount	247
@@TS	276378	Robot	1	ExecCount	249
@@TS	277064	Robot	0	ExecCount	249
@@TS	277902	Robot	1	ExecCount	251
@@TS	278616	Robot	0	ExecCount	251
@@TS	279607	Robot	1	ExecCount	253
@@TS	280328	Robot	0	ExecCount	253
@@TS	282816	Robot	1	ExecCount	255
@@TS	283534	Robot	0	ExecCount	255